{
  "Records": [
    {
      "eventTime": "2025-08-17T10:00:00Z",
      "eventName": "ConsoleLogin",
      "eventSource": "signin.amazonaws.com",
      "sourceIPAddress": "203.0.113.10",
      "userIdentity": {
        "type": "IAMUser",
        "userName": "alice"
      },
      "responseElements": {
        "ConsoleLogin": "Failure"
      },
      "additionalEventData": {
        "MFAUsed": "No"
      }
    },
    {
      "eventTime": "2025-08-17T10:01:00Z",
      "eventName": "ConsoleLogin",
      "eventSource": "signin.amazonaws.com",
      "sourceIPAddress": "203.0.113.10",
      "userIdentity": {
        "type": "IAMUser",
        "userName": "alice"
      },
      "responseElements": {
        "ConsoleLogin": "Failure"
      },
      "additionalEventData": {
        "MFAUsed": "No"
      }
    },
    {
      "eventTime": "2025-08-17T10:02:00Z",
      "eventName": "ConsoleLogin",
      "eventSource": "signin.amazonaws.com",
      "sourceIPAddress": "203.0.113.10",
      "userIdentity": {
        "type": "IAMUser",
        "userName": "alice"
      },
      "responseElements": {
        "ConsoleLogin": "Failure"
      },
      "additionalEventData": {
        "MFAUsed": "No"
      }
    },
    {
      "eventTime": "2025-08-17T10:03:00Z",
      "eventName": "ConsoleLogin",
      "eventSource": "signin.amazonaws.com",
      "sourceIPAddress": "203.0.113.10",
      "userIdentity": {
        "type": "IAMUser",
        "userName": "alice"
      },
      "responseElements": {
        "ConsoleLogin": "Failure"
      },
      "additionalEventData": {
        "MFAUsed": "No"
      }
    },
    {
      "eventTime": "2025-08-17T10:04:00Z",
      "eventName": "ConsoleLogin",
      "eventSource": "signin.amazonaws.com",
      "sourceIPAddress": "203.0.113.10",
      "userIdentity": {
        "type": "IAMUser",
        "userName": "alice"
      },
      "responseElements": {
        "ConsoleLogin": "Failure"
      },
      "additionalEventData": {
        "MFAUsed": "No"
      }
    },
    {
      "eventTime": "2025-08-17T10:05:00Z",
      "eventName": "CreateUser",
      "eventSource": "iam.amazonaws.com",
      "sourceIPAddress": "198.51.100.5",
      "userIdentity": {
        "type": "Root"
      },
      "responseElements": {}
    }
  ]
}